timestamp,elapsed_time,frame_id,x,y,z,roll,pitch,yaw
00:01:25.052568,1.02,shelf_filtered,0.7051,0.0011,0.7831,0.0000,0.0000,-1.6008
00:01:25.115937,1.08,shelf_filtered,0.7051,0.0011,0.7831,0.0000,0.0000,-1.6017
00:01:25.181128,1.14,shelf_filtered,0.7051,0.0011,0.7831,0.0000,0.0000,-1.5998
00:01:25.281511,1.24,shelf_filtered,0.7050,0.0011,0.7831,0.0000,0.0000,-1.5947
00:01:25.381462,1.34,shelf_filtered,0.7050,0.0011,0.7831,0.0000,0.0000,-1.5941
00:01:25.481492,1.44,shelf_filtered,0.7050,0.0011,0.7831,0.0000,0.0000,-1.5941
00:01:25.581473,1.54,shelf_filtered,0.7051,0.0011,0.7831,0.0000,0.0000,-1.5946
00:01:25.681455,1.64,shelf_filtered,0.7050,0.0011,0.7831,0.0000,0.0000,-1.5952
00:01:25.781467,1.74,shelf_filtered,0.7050,0.0011,0.7831,0.0000,0.0000,-1.5962
00:01:25.881505,1.84,shelf_filtered,0.7050,0.0011,0.7831,0.0000,0.0000,-1.5967
00:01:25.981485,1.94,shelf_filtered,0.7050,0.0011,0.7831,0.0000,0.0000,-1.5969
00:01:26.081425,2.04,shelf_filtered,0.7050,0.0011,0.7831,0.0000,0.0000,-1.5970
00:01:26.181479,2.14,shelf_filtered,0.7050,0.0011,0.7831,0.0000,0.0000,-1.5967
00:01:26.281399,2.24,shelf_filtered,0.7050,0.0011,0.7831,0.0000,0.0000,-1.5962
00:01:26.381424,2.34,shelf_filtered,0.7051,0.0011,0.7831,0.0000,0.0000,-1.5960
00:01:26.481480,2.44,shelf_filtered,0.7051,0.0011,0.7831,0.0000,0.0000,-1.5958
00:01:26.581488,2.54,shelf_filtered,0.7051,0.0011,0.7831,0.0000,0.0000,-1.5948
00:01:26.703909,2.67,shelf_filtered,0.7050,0.0011,0.7831,0.0000,0.0000,-1.5939
00:01:26.782734,2.75,shelf_filtered,0.7050,0.0011,0.7831,0.0000,0.0000,-1.5935
00:01:26.881775,2.84,tag11,0.7051,0.0011,0.7831,1.5775,-0.0003,-1.5937
00:01:26.881775,2.84,shelf_filtered,0.7050,0.0011,0.7831,0.0000,0.0000,-1.5930
00:01:26.981526,2.94,tag11,0.7051,0.0011,0.7831,1.5775,-0.0003,-1.5937
00:01:26.981526,2.94,shelf_filtered,0.7050,0.0011,0.7831,0.0000,0.0000,-1.5933
00:01:27.081485,3.04,tag11,0.7051,0.0011,0.7831,1.5775,-0.0003,-1.5937
00:01:27.081485,3.04,shelf_filtered,0.7051,0.0011,0.7831,0.0000,0.0000,-1.5937
00:01:27.181468,3.14,tag11,0.7051,0.0011,0.7831,1.5807,-0.0005,-1.5950
00:01:27.181468,3.14,shelf_filtered,0.7051,0.0011,0.7831,0.0000,0.0000,-1.5940
00:01:27.281676,3.24,tag11,0.7051,0.0011,0.7831,1.5790,-0.0007,-1.5971
00:01:27.281676,3.24,shelf_filtered,0.7051,0.0011,0.7831,0.0000,0.0000,-1.5943
00:01:27.381415,3.34,tag11,0.7051,0.0011,0.7831,1.5790,-0.0007,-1.5971
00:01:27.381415,3.34,shelf_filtered,0.7051,0.0011,0.7831,0.0000,0.0000,-1.5952
00:01:27.481473,3.44,tag11,0.7051,0.0011,0.7831,1.5805,-0.0005,-1.5993
00:01:27.481473,3.44,shelf_filtered,0.7051,0.0011,0.7831,0.0000,0.0000,-1.5960
00:01:27.581411,3.54,tag11,0.7051,0.0011,0.7831,1.5805,-0.0005,-1.5993
00:01:27.581411,3.54,shelf_filtered,0.7051,0.0011,0.7831,0.0000,0.0000,-1.5971
00:01:27.681431,3.64,tag11,0.7051,0.0011,0.7831,1.5805,-0.0005,-1.5993
00:01:27.681431,3.64,shelf_filtered,0.7051,0.0011,0.7831,0.0000,0.0000,-1.5982
00:01:27.781432,3.74,tag11,0.7051,0.0011,0.7831,1.5805,-0.0005,-1.5993
00:01:27.781432,3.74,shelf_filtered,0.7051,0.0011,0.7831,0.0000,0.0000,-1.5987
00:01:27.881427,3.84,tag11,0.7051,0.0011,0.7831,1.5805,-0.0005,-1.5993
00:01:27.881427,3.84,shelf_filtered,0.7051,0.0011,0.7831,0.0000,0.0000,-1.5993
00:01:27.981533,3.94,tag11,0.7051,0.0011,0.7831,1.5790,-0.0007,-1.5973
00:01:27.981533,3.94,shelf_filtered,0.7051,0.0011,0.7831,0.0000,0.0000,-1.5988
00:01:28.082413,4.05,tag11,0.7051,0.0011,0.7831,1.5814,-0.0007,-1.6026
00:01:28.082413,4.05,shelf_filtered,0.7051,0.0011,0.7831,0.0000,0.0000,-1.5983
00:01:28.181431,4.14,tag11,0.7051,0.0011,0.7831,1.5814,-0.0007,-1.6026
00:01:28.181431,4.14,shelf_filtered,0.7051,0.0011,0.7831,0.0000,0.0000,-1.5991
00:01:28.281429,4.24,tag11,0.7050,0.0011,0.7831,1.5792,-0.0003,-1.5955
00:01:28.281429,4.24,shelf_filtered,0.7051,0.0011,0.7831,0.0000,0.0000,-1.5982
00:01:28.381456,4.34,tag11,0.7050,0.0011,0.7831,1.5792,-0.0003,-1.5955
00:01:28.381456,4.34,shelf_filtered,0.7051,0.0011,0.7831,0.0000,0.0000,-1.5977
00:01:28.481498,4.44,tag11,0.7051,0.0011,0.7831,1.5800,-0.0005,-1.6002
00:01:28.481498,4.44,shelf_filtered,0.7051,0.0011,0.7831,0.0000,0.0000,-1.5984
00:01:28.581452,4.54,tag11,0.7051,0.0011,0.7831,1.5800,-0.0005,-1.6002
00:01:28.581452,4.54,shelf_filtered,0.7051,0.0011,0.7831,0.0000,0.0000,-1.5978
00:01:28.681496,4.64,tag11,0.7050,0.0011,0.7831,1.5799,-0.0006,-1.5957
00:01:28.681496,4.64,shelf_filtered,0.7051,0.0011,0.7831,0.0000,0.0000,-1.5979
00:01:28.781448,4.74,tag11,0.7050,0.0011,0.7831,1.5799,-0.0006,-1.5957
00:01:28.781448,4.74,shelf_filtered,0.7051,0.0011,0.7831,0.0000,0.0000,-1.5980
00:01:28.881481,4.84,tag11,0.7051,0.0011,0.7831,1.5798,-0.0005,-1.6004
00:01:28.881481,4.84,shelf_filtered,0.7051,0.0011,0.7831,0.0000,0.0000,-1.5980
00:01:28.988212,4.95,tag11,0.7050,0.0011,0.7831,1.5779,-0.0004,-1.5941
00:01:28.988212,4.95,shelf_filtered,0.7051,0.0011,0.7831,0.0000,0.0000,-1.5980
00:01:29.081522,5.04,tag11,0.7050,0.0011,0.7831,1.5779,-0.0004,-1.5941
00:01:29.081522,5.04,shelf_filtered,0.7051,0.0011,0.7831,0.0000,0.0000,-1.5976
00:01:29.181423,5.14,tag11,0.7051,0.0011,0.7831,1.5793,-0.0005,-1.6012
00:01:29.181423,5.14,shelf_filtered,0.7051,0.0011,0.7831,0.0000,0.0000,-1.5990
00:01:29.281401,5.24,tag11,0.7052,0.0011,0.7831,1.5812,-0.0006,-1.5991
00:01:29.281401,5.24,shelf_filtered,0.7051,0.0011,0.7831,0.0000,0.0000,-1.5992
00:01:29.381426,5.34,tag11,0.7052,0.0011,0.7831,1.5812,-0.0006,-1.5991
00:01:29.381426,5.34,shelf_filtered,0.7051,0.0011,0.7831,0.0000,0.0000,-1.5989
00:01:29.481672,5.44,tag11,0.7051,0.0011,0.7831,1.5800,-0.0004,-1.5953
00:01:29.481672,5.44,shelf_filtered,0.7051,0.0011,0.7831,0.0000,0.0000,-1.5992
00:01:29.581546,5.54,tag11,0.7051,0.0011,0.7831,1.5800,-0.0004,-1.5953
00:01:29.581546,5.54,shelf_filtered,0.7051,0.0011,0.7831,0.0000,0.0000,-1.5977
00:01:29.681525,5.64,tag11,0.7051,0.0011,0.7831,1.5800,-0.0004,-1.5953
00:01:29.681525,5.64,shelf_filtered,0.7051,0.0011,0.7831,0.0000,0.0000,-1.5963
00:01:29.781226,5.74,tag11,0.7050,0.0011,0.7831,1.5810,-0.0005,-1.5977
00:01:29.781226,5.74,shelf_filtered,0.7051,0.0011,0.7831,0.0000,0.0000,-1.5953
00:01:29.881483,5.84,tag11,0.7050,0.0011,0.7831,1.5810,-0.0005,-1.5977
00:01:29.881483,5.84,shelf_filtered,0.7051,0.0011,0.7831,0.0000,0.0000,-1.5959
00:01:29.981567,5.94,tag11,0.7051,0.0011,0.7831,1.5822,-0.0007,-1.5948
00:01:29.981567,5.94,shelf_filtered,0.7051,0.0011,0.7831,0.0000,0.0000,-1.5965
00:01:30.081497,6.04,tag11,0.7051,0.0011,0.7831,1.5822,-0.0007,-1.5948
00:01:30.081497,6.04,shelf_filtered,0.7051,0.0011,0.7831,0.0000,0.0000,-1.5964
00:01:30.181431,6.14,tag11,0.7051,0.0011,0.7831,1.5785,-0.0004,-1.5954
00:01:30.181431,6.14,shelf_filtered,0.7051,0.0011,0.7831,0.0000,0.0000,-1.5963
00:01:30.281685,6.24,tag11,0.7051,0.0011,0.7831,1.5785,-0.0004,-1.5954
00:01:30.281685,6.24,shelf_filtered,0.7051,0.0011,0.7831,0.0000,0.0000,-1.5957
00:01:30.382074,6.35,tag11,0.7051,0.0011,0.7831,1.5785,-0.0004,-1.5954
00:01:30.382074,6.35,shelf_filtered,0.7051,0.0011,0.7831,0.0000,0.0000,-1.5951
00:01:30.481443,6.44,tag11,0.7051,0.0011,0.7831,1.5771,-0.0004,-1.5956
00:01:30.481443,6.44,shelf_filtered,0.7051,0.0011,0.7831,0.0000,0.0000,-1.5953
00:01:30.581508,6.54,tag11,0.7051,0.0011,0.7831,1.5771,-0.0004,-1.5956
00:01:30.581508,6.54,shelf_filtered,0.7051,0.0011,0.7831,0.0000,0.0000,-1.5955
00:01:30.681483,6.64,tag11,0.7052,0.0011,0.7831,1.5790,-0.0006,-1.5992
00:01:30.681483,6.64,shelf_filtered,0.7051,0.0011,0.7831,0.0000,0.0000,-1.5965
00:01:30.781165,6.74,tag11,0.7051,0.0011,0.7831,1.5785,-0.0004,-1.5973
00:01:30.781165,6.74,shelf_filtered,0.7051,0.0011,0.7831,0.0000,0.0000,-1.5974
00:01:30.881461,6.84,tag11,0.7051,0.0011,0.7831,1.5785,-0.0004,-1.5973
00:01:30.881461,6.84,shelf_filtered,0.7051,0.0011,0.7831,0.0000,0.0000,-1.5978
00:01:30.981436,6.94,tag11,0.7051,0.0011,0.7831,1.5791,-0.0005,-1.5982
00:01:30.981436,6.94,shelf_filtered,0.7051,0.0011,0.7831,0.0000,0.0000,-1.5983
00:01:31.081438,7.04,tag11,0.7051,0.0011,0.7831,1.5791,-0.0005,-1.5982
00:01:31.081438,7.04,shelf_filtered,0.7051,0.0011,0.7831,0.0000,0.0000,-1.5980
00:01:31.181715,7.14,tag11,0.7050,0.0011,0.7831,1.5773,-0.0004,-1.5954
00:01:31.181715,7.14,shelf_filtered,0.7051,0.0011,0.7831,0.0000,0.0000,-1.5970
00:01:31.281503,7.24,tag11,0.7050,0.0011,0.7831,1.5773,-0.0004,-1.5954
00:01:31.281503,7.24,shelf_filtered,0.7050,0.0011,0.7831,0.0000,0.0000,-1.5966
00:01:31.381551,7.34,tag11,0.7052,0.0011,0.7831,1.5811,-0.0005,-1.6007
00:01:31.381551,7.34,shelf_filtered,0.7051,0.0011,0.7831,0.0000,0.0000,-1.5974
00:01:31.481463,7.44,tag11,0.7050,0.0011,0.7831,1.5807,-0.0003,-1.5968
00:01:31.481463,7.44,shelf_filtered,0.7051,0.0011,0.7831,0.0000,0.0000,-1.5980
00:01:31.581560,7.54,tag11,0.7050,0.0011,0.7831,1.5807,-0.0003,-1.5968
00:01:31.581560,7.54,shelf_filtered,0.7051,0.0011,0.7831,0.0000,0.0000,-1.5984
00:01:31.681492,7.64,tag11,0.7050,0.0011,0.7831,1.5789,-0.0005,-1.5963
00:01:31.681492,7.64,shelf_filtered,0.7051,0.0011,0.7831,0.0000,0.0000,-1.5986
00:01:31.781559,7.74,tag11,0.7050,0.0011,0.7831,1.5789,-0.0005,-1.5963
00:01:31.781559,7.74,shelf_filtered,0.7051,0.0011,0.7831,0.0000,0.0000,-1.5975
00:01:31.881507,7.84,tag11,0.7050,0.0011,0.7831,1.5768,-0.0005,-1.5957
00:01:31.881507,7.84,shelf_filtered,0.7050,0.0011,0.7831,0.0000,0.0000,-1.5964
00:01:31.988221,7.95,tag11,0.7050,0.0011,0.7831,1.5768,-0.0005,-1.5957
00:01:31.988221,7.95,shelf_filtered,0.7050,0.0011,0.7831,0.0000,0.0000,-1.5962
00:01:32.081480,8.04,tag11,0.7052,0.0011,0.7831,1.5765,-0.0003,-1.5955
00:01:32.081480,8.04,shelf_filtered,0.7051,0.0011,0.7831,0.0000,0.0000,-1.5960
00:01:32.181452,8.14,tag11,0.7051,0.0011,0.7831,1.5787,-0.0004,-1.5967
00:01:32.181452,8.14,shelf_filtered,0.7051,0.0011,0.7831,0.0000,0.0000,-1.5958
00:01:32.281455,8.24,tag11,0.7051,0.0011,0.7831,1.5787,-0.0004,-1.5967
00:01:32.281455,8.24,shelf_filtered,0.7051,0.0011,0.7831,0.0000,0.0000,-1.5959
00:01:32.381420,8.34,tag11,0.7052,0.0011,0.7831,1.5746,-0.0004,-1.5975
00:01:32.381420,8.34,shelf_filtered,0.7051,0.0011,0.7831,0.0000,0.0000,-1.5961
00:01:32.481463,8.44,tag11,0.7050,0.0011,0.7831,1.5804,-0.0004,-1.5956
00:01:32.481463,8.44,shelf_filtered,0.7051,0.0011,0.7831,0.0000,0.0000,-1.5966
00:01:32.581481,8.54,tag11,0.7050,0.0011,0.7831,1.5804,-0.0004,-1.5956
00:01:32.581481,8.54,shelf_filtered,0.7051,0.0011,0.7831,0.0000,0.0000,-1.5966
00:01:32.681481,8.64,tag11,0.7051,0.0011,0.7831,1.5802,-0.0003,-1.5976
00:01:32.681481,8.64,shelf_filtered,0.7051,0.0011,0.7831,0.0000,0.0000,-1.5963
00:01:32.781519,8.74,tag11,0.7051,0.0011,0.7831,1.5802,-0.0003,-1.5976
00:01:32.781519,8.74,shelf_filtered,0.7051,0.0011,0.7831,0.0000,0.0000,-1.5966
00:01:32.881522,8.84,tag11,0.7050,0.0011,0.7831,1.5813,-0.0005,-1.6001
00:01:32.881522,8.84,shelf_filtered,0.7050,0.0011,0.7831,0.0000,0.0000,-1.5972
00:01:32.981439,8.94,tag11,0.7051,0.0011,0.7831,1.5778,-0.0006,-1.5989
00:01:32.981439,8.94,shelf_filtered,0.7051,0.0011,0.7831,0.0000,0.0000,-1.5984
00:01:33.081532,9.04,tag11,0.7051,0.0011,0.7831,1.5778,-0.0006,-1.5989
00:01:33.081532,9.04,shelf_filtered,0.7051,0.0011,0.7831,0.0000,0.0000,-1.5992
00:01:33.181545,9.14,tag11,0.7051,0.0011,0.7831,1.5792,-0.0007,-1.6017
00:01:33.181545,9.14,shelf_filtered,0.7051,0.0011,0.7831,0.0000,0.0000,-1.6002
00:01:33.281451,9.24,tag11,0.7052,0.0011,0.7831,1.5813,-0.0006,-1.6015
00:01:33.281451,9.24,shelf_filtered,0.7051,0.0011,0.7831,0.0000,0.0000,-1.6006
00:01:33.381475,9.34,tag11,0.7052,0.0011,0.7831,1.5813,-0.0006,-1.6015
00:01:33.381475,9.34,shelf_filtered,0.7051,0.0011,0.7831,0.0000,0.0000,-1.6009
00:01:33.481379,9.44,tag11,0.7050,0.0011,0.7831,1.5805,-0.0006,-1.5954
00:01:33.481379,9.44,shelf_filtered,0.7051,0.0011,0.7831,0.0000,0.0000,-1.6016
00:01:33.582671,9.55,tag11,0.7050,0.0011,0.7831,1.5805,-0.0006,-1.5954
00:01:33.582671,9.55,shelf_filtered,0.7051,0.0011,0.7831,0.0000,0.0000,-1.6000
00:01:33.681484,9.64,tag11,0.7051,0.0011,0.7831,1.5783,-0.0004,-1.5959
00:01:33.681484,9.64,shelf_filtered,0.7051,0.0011,0.7831,0.0000,0.0000,-1.5986
00:01:33.781634,9.74,tag11,0.7051,0.0011,0.7831,1.5783,-0.0004,-1.5959
00:01:33.781634,9.74,shelf_filtered,0.7051,0.0011,0.7831,0.0000,0.0000,-1.5972
00:01:33.881481,9.84,tag11,0.7050,0.0011,0.7831,1.5817,-0.0006,-1.5965
00:01:33.881481,9.84,shelf_filtered,0.7051,0.0011,0.7831,0.0000,0.0000,-1.5960
00:01:33.981558,9.94,tag11,0.7051,0.0011,0.7831,1.5795,-0.0005,-1.5925
00:01:33.981558,9.94,shelf_filtered,0.7051,0.0011,0.7831,0.0000,0.0000,-1.5962
